"","region","value"
"3",2010,NA
"6",2013,20244
"9",2016,88597
"12",2020,2801226
"15",2050,11146
"18",2060,41229
"21",2068,63237
"24",2070,6804
"27",2090,508228
"30",2100,8611
"33",2105,5395
"36",2110,34422
"39",2122,121444
"42",2130,10902
"45",2150,66201
"48",2164,1612
"51",2170,26899
"54",2180,3081
"57",2185,1718047
"60",2188,52099
"63",2195,4990
"66",2198,18910
"69",2201,NA
"72",2220,32483
"75",2230,5782
"78",2231,NA
"81",2232,NA
"84",2240,22036
"87",2261,47062
"90",2270,7610
"93",2275,2551
"96",2280,NA
"99",2282,2426
"102",2290,45300
"105",2901,NA
"108",2903,NA
"111",2904,NA
"114",2905,NA
"117",2907,NA
"120",2908,NA
"123",2910,NA
"126",2912,NA
"129",2916,NA
"132",2919,NA
"135",2920,NA
"138",2921,NA
"141",2922,NA
"144",2923,NA
"147",2924,NA
"150",2925,NA
"153",2926,NA
"156",2928,NA
"159",2929,NA
"165",1001,114983
"168",1003,208958
"171",1005,93576
"174",1007,87943
"177",1009,62659
"180",1011,35911
"183",1013,41323
"186",1015,471619
"189",1017,98849
"192",1019,30049
"195",1021,67885
"198",1023,68780
"201",1025,79728
"204",1027,30324
"207",1029,23350
"210",1031,113561
"213",1033,487216
"216",1035,42625
"219",1037,24141
"222",1039,67240
"225",1041,40341
"228",1043,167831
"231",1045,916080
"234",1047,93489
"237",1049,125882
"240",1051,208002
"243",1053,127048
"246",1055,237702
"249",1057,34575
"252",1059,93886
"255",1061,50270
"258",1063,19449
"261",1065,37472
"264",1067,43144
"267",1069,406997
"270",1071,140465
"273",1073,6812281
"276",1075,35365
"279",1077,232832
"282",1079,132064
"285",1081,366684
"288",1083,337995
"291",1085,78497
"294",1087,87067
"297",1089,2834273
"300",1091,77611
"303",1093,99264
"306",1095,374681
"309",1097,1884075
"312",1099,57897
"315",1101,2371520
"318",1103,751325
"321",1105,21196
"324",1107,22394
"327",1109,107837
"330",1111,35759
"333",1113,257728
"336",1115,132812
"339",1117,1681442
"342",1119,31781
"345",1121,321296
"348",1123,100139
"351",1125,643000
"354",1127,122057
"357",1129,114042
"360",1131,57197
"363",1133,84993
"369",5001,77881
"372",5003,58303
"375",5005,97105
"378",5007,1038665
"381",5009,110741
"384",5011,29531
"387",5013,91121
"390",5015,53813
"393",5017,33471
"396",5019,89704
"399",5021,23808
"402",5023,42756
"405",5025,9464
"408",5027,69574
"411",5029,86217
"414",5031,338513
"417",5033,333774
"420",5035,235741
"423",5037,44814
"426",5039,38465
"429",5041,51022
"432",5043,43306
"435",5045,361703
"438",5047,58375
"441",5049,11921
"444",5051,199975
"447",5053,58588
"450",5055,104488
"453",5057,104162
"456",5059,95716
"459",5061,107363
"462",5063,120430
"465",5065,23033
"468",5067,47941
"471",5069,438261
"474",5071,63203
"477",5073,18182
"480",5075,40624
"483",5077,16920
"486",5079,29329
"489",5081,93088
"492",5083,49357
"495",5085,118727
"498",5087,122816
"501",5089,26213
"504",5091,238268
"507",5093,202173
"510",5095,25216
"513",5097,9807
"516",5099,34382
"519",5101,3260
"522",5103,52678
"525",5105,12639
"528",5107,18620
"531",5109,23065
"534",5111,53459
"537",5113,30937
"540",5115,244055
"543",5117,12896
"546",5119,5092430
"549",5121,18055
"552",5123,91006
"555",5125,178559
"558",5127,19891
"561",5129,7424
"564",5131,972029
"567",5133,34436
"570",5135,37107
"573",5137,10483
"576",5139,157594
"579",5141,30849
"582",5143,1052398
"585",5145,217451
"588",5147,13826
"591",5149,58377
"597",4001,235814
"600",4003,113811
"603",4005,244112
"606",4007,117696
"609",4009,21180
"612",4011,100235
"615",4012,35710
"618",4013,5020850
"621",4015,135266
"624",4017,163826
"627",4019,458332
"630",4021,1021316
"633",4023,171577
"636",4025,87481
"639",4027,136161
"645",6001,20583243
"648",6003,27697
"651",6005,159673
"654",6007,229381
"657",6009,51117
"660",6011,109660
"663",6013,6569720
"666",6015,36700
"669",6017,463592
"672",6019,1632266
"675",6021,103568
"678",6023,65222
"681",6025,351677
"684",6027,47626
"687",6029,1303365
"690",6031,516308
"693",6033,62813
"696",6035,52539
"699",6037,45484957
"702",6039,740220
"705",6041,3210592
"708",6043,40211
"711",6045,93378
"714",6047,525570
"717",6049,9974
"720",6051,39752
"723",6053,898894
"726",6055,1018356
"729",6057,217112
"732",6059,19445574
"735",6061,2355501
"738",6063,34402
"741",6065,4871531
"744",6067,11739985
"747",6069,233957
"750",6071,8431996
"753",6073,3588812
"756",6075,30349992
"759",6077,2135941
"762",6079,390823
"765",6081,22932184
"768",6083,1321952
"771",6085,29589972
"774",6087,760891
"777",6089,179649
"780",6091,7107
"783",6093,44918
"786",6095,2367935
"789",6097,1219029
"792",6099,1150580
"795",6101,409368
"798",6103,168197
"801",6105,10239
"804",6107,651718
"807",6109,95700
"810",6111,2833187
"813",6113,3407416
"816",6115,624405
"822",8001,4668313
"825",8003,88362
"828",8005,12742549
"831",8007,5508
"834",8009,2218
"837",8011,9842
"840",8013,4026736
"843",8014,940510
"846",8015,23997
"849",8017,6048
"852",8019,105757
"855",8021,6223
"858",8023,5233
"861",8025,23442
"864",8027,3801
"867",8029,27380
"870",8031,20057778
"873",8033,2025
"876",8035,1413751
"879",8037,156361
"882",8039,74554
"885",8041,990705
"888",8043,115381
"891",8045,193667
"894",8047,188309
"897",8049,9648
"900",8051,70617
"903",8053,70
"906",8055,7494
"909",8057,876
"912",8059,5796603
"915",8061,3916
"918",8063,9756
"921",8065,7436
"924",8067,117212
"927",8069,692050
"930",8071,16220
"933",8073,20073
"936",8075,35639
"939",8077,65642
"942",8079,5149
"945",8081,25838
"948",8083,21936
"951",8085,80292
"954",8087,52254
"957",8089,29433
"960",8091,9894
"963",8093,23525
"966",8095,9038
"969",8097,274499
"972",8099,18209
"975",8101,215311
"978",8103,46388
"981",8105,38923
"984",8107,69732
"987",8109,16278
"990",8111,0
"993",8113,29076
"996",8115,3807
"999",8117,109985
"1002",8119,62926
"1005",8121,3354
"1008",8123,1036728
"1011",8125,17971
"1017",9001,13728531
"1020",9003,11522676
"1023",9005,866946
"1026",9007,1764634
"1029",9009,4837697
"1032",9011,1868859
"1035",9013,979792
"1038",9015,547821
"1044",11001,50224992
"1050",10001,723891
"1053",10003,5512626
"1056",10005,497931
"1062",12001,1107355
"1065",12003,83406
"1068",12005,244884
"1071",12007,116671
"1074",12009,511217
"1077",12011,7452196
"1080",12013,27803
"1083",12015,343525
"1086",12017,169384
"1089",12019,572689
"1092",12021,886017
"1095",12023,233517
"1098",12027,104563
"1101",12029,18063
"1104",12031,7902966
"1107",12033,1523512
"1110",12035,1350
"1113",12037,19982
"1116",12039,225342
"1119",12041,37611
"1122",12043,28684
"1125",12045,24917
"1128",12047,97145
"1131",12049,67782
"1134",12051,121522
"1137",12053,321960
"1140",12055,88273
"1143",12057,9888847
"1146",12059,33739
"1149",12061,351373
"1152",12063,120011
"1155",12065,29670
"1158",12067,12901
"1161",12069,908257
"1164",12071,803440
"1167",12073,1121819
"1170",12075,89696
"1173",12077,25954
"1176",12079,35664
"1179",12081,1066413
"1182",12083,308963
"1185",12085,1101423
"1188",12086,10286491
"1191",12087,116088
"1194",12089,150539
"1197",12091,1055651
"1200",12093,73367
"1203",12095,13072697
"1206",12097,1078263
"1209",12099,4666081
"1212",12101,943222
"1215",12103,4407622
"1218",12105,784145
"1221",12107,148733
"1224",12109,369112
"1227",12111,499216
"1230",12113,303487
"1233",12115,1434019
"1236",12117,3138716
"1239",12119,427611
"1242",12121,87374
"1245",12123,40633
"1248",12125,104390
"1251",12127,732978
"1254",12129,47222
"1257",12131,252257
"1260",12133,90107
"1266",13001,130685
"1269",13003,22558
"1272",13005,30574
"1275",13007,22104
"1278",13009,167561
"1281",13011,94601
"1284",13013,260072
"1287",13015,725317
"1290",13017,76111
"1293",13019,37101
"1296",13021,1594832
"1299",13023,47529
"1302",13025,23574
"1305",13027,29960
"1308",13029,77384
"1311",13031,154727
"1314",13033,216364
"1317",13035,121410
"1320",13037,27240
"1323",13039,216952
"1326",13043,24913
"1329",13045,547959
"1332",13047,267200
"1335",13049,36574
"1338",13051,1604632
"1341",13053,1391802
"1344",13055,51297
"1347",13057,567358
"1350",13059,2146533
"1353",13061,7826
"1356",13063,5362500
"1359",13065,24544
"1362",13067,8951965
"1365",13069,100904
"1368",13071,79785
"1371",13073,333808
"1374",13075,47016
"1377",13077,331388
"1380",13079,29752
"1383",13081,65205
"1386",13083,49617
"1389",13085,141428
"1392",13087,76779
"1395",13089,12227960
"1398",13091,45248
"1401",13093,50805
"1404",13095,1268678
"1407",13097,720811
"1410",13099,72554
"1413",13101,30295
"1416",13103,119371
"1419",13105,49048
"1422",13107,55090
"1425",13109,57001
"1428",13111,43057
"1431",13113,1021015
"1434",13115,383553
"1437",13117,1046220
"1440",13119,132220
"1443",13121,34686224
"1446",13123,58503
"1449",13125,4959
"1452",13127,284589
"1455",13129,296426
"1458",13131,44167
"1461",13133,64439
"1464",13135,8116356
"1467",13137,154192
"1470",13139,1101451
"1473",13141,25792
"1476",13143,119248
"1479",13145,81824
"1482",13147,72990
"1485",13149,53470
"1488",13151,850869
"1491",13153,1012466
"1494",13155,36171
"1497",13157,373722
"1500",13159,21723
"1503",13161,37916
"1506",13163,70041
"1509",13165,9085
"1512",13167,28682
"1515",13169,54841
"1518",13171,83326
"1521",13173,13552
"1524",13175,130323
"1527",13177,70291
"1530",13179,1482411
"1533",13181,13681
"1536",13183,47872
"1539",13185,479505
"1542",13187,95554
"1545",13189,85601
"1548",13191,19675
"1551",13193,60449
"1554",13195,43477
"1557",13197,16786
"1560",13199,67407
"1563",13201,15820
"1566",13205,103386
"1569",13207,87385
"1572",13209,25297
"1575",13211,124325
"1578",13213,147389
"1581",13215,1621936
"1584",13217,413179
"1587",13219,125912
"1590",13221,25233
"1593",13223,224234
"1596",13225,175648
"1599",13227,133256
"1602",13229,44646
"1605",13231,40358
"1608",13233,142569
"1611",13235,43041
"1614",13237,61950
"1617",13239,6161
"1620",13241,31241
"1623",13243,24188
"1626",13245,3597705
"1629",13247,914064
"1632",13249,24466
"1635",13251,25268
"1638",13253,20259
"1641",13255,445850
"1644",13257,77669
"1647",13259,26902
"1650",13261,94233
"1653",13263,12065
"1656",13265,633
"1659",13267,77322
"1662",13269,19810
"1665",13271,54945
"1668",13273,34251
"1671",13275,244189
"1674",13277,217374
"1677",13279,129128
"1680",13281,34825
"1683",13283,6037
"1686",13285,530410
"1689",13287,17014
"1692",13289,13647
"1695",13291,45083
"1698",13293,43389
"1701",13295,205727
"1704",13297,308024
"1707",13299,303133
"1710",13301,24438
"1713",13303,95351
"1716",13305,87808
"1719",13307,6513
"1722",13309,20103
"1725",13311,78702
"1728",13313,1018171
"1731",13315,10207
"1734",13317,25473
"1737",13319,92631
"1740",13321,50045
"1746",15001,42795
"1749",15003,115110
"1752",15007,15971
"1755",15901,58859
"1761",19001,20981
"1764",19003,9119
"1767",19005,38716
"1770",19007,27016
"1773",19009,12283
"1776",19011,48321
"1779",19013,782322
"1782",19015,132388
"1785",19017,126478
"1788",19019,54813
"1791",19021,82400
"1794",19023,36682
"1797",19025,26987
"1800",19027,76945
"1803",19029,35606
"1806",19031,71572
"1809",19033,181296
"1812",19035,44477
"1815",19037,35254
"1818",19039,48333
"1821",19041,83647
"1824",19043,63597
"1827",19045,202231
"1830",19047,53075
"1833",19049,947789
"1836",19051,14845
"1839",19053,13339
"1842",19055,52747
"1845",19057,215062
"1848",19059,67417
"1851",19061,507282
"1854",19063,38984
"1857",19065,50492
"1860",19067,51759
"1863",19069,39715
"1866",19071,55523
"1869",19073,25251
"1872",19075,40290
"1875",19077,75816
"1878",19079,55477
"1881",19081,126138
"1884",19083,65384
"1887",19085,31876
"1890",19087,125424
"1893",19089,46448
"1896",19091,31985
"1899",19093,38829
"1902",19095,175340
"1905",19097,34920
"1908",19099,88419
"1911",19101,57472
"1914",19103,967791
"1917",19105,163372
"1920",19107,18422
"1923",19109,37280
"1926",19111,209071
"1929",19113,1258380
"1932",19115,47588
"1935",19117,40280
"1938",19119,25514
"1941",19121,39352
"1944",19123,78737
"1947",19125,248459
"1950",19127,131227
"1953",19129,51790
"1956",19131,30646
"1959",19133,18029
"1962",19135,68135
"1965",19137,34541
"1968",19139,332659
"1971",19141,41746
"1974",19143,22072
"1977",19145,57572
"1980",19147,28215
"1983",19149,107438
"1986",19151,22427
"1989",19153,3687109
"1992",19155,583517
"1995",19157,106017
"1998",19159,10464
"2001",19161,21148
"2004",19163,1049682
"2007",19165,40139
"2010",19167,149979
"2013",19169,456662
"2016",19171,35661
"2019",19173,16840
"2022",19175,57006
"2025",19177,21424
"2028",19179,148014
"2031",19181,84684
"2034",19183,80220
"2037",19185,13529
"2040",19187,167405
"2043",19189,61426
"2046",19191,62759
"2049",19193,496997
"2052",19195,19206
"2055",19197,49004
"2061",16001,1272494
"2064",16003,7199
"2067",16005,182300
"2070",16007,4227
"2073",16009,25527
"2076",16011,140286
"2079",16013,43021
"2082",16015,46791
"2085",16017,43634
"2088",16019,351190
"2091",16021,21175
"2094",16023,620343
"2097",16025,756
"2100",16027,526797
"2103",16029,66261
"2106",16031,119010
"2109",16033,3613
"2112",16035,22060
"2115",16037,68632
"2118",16039,56458
"2121",16041,14218
"2124",16043,20277
"2127",16045,21406
"2130",16047,54349
"2133",16049,16982
"2136",16051,60530
"2139",16053,126448
"2142",16055,159253
"2145",16057,64580
"2148",16059,1311
"2151",16061,21580
"2154",16063,34600
"2157",16065,121007
"2160",16067,84567
"2163",16069,252376
"2166",16071,2935
"2169",16073,38091
"2172",16075,63570
"2175",16077,63891
"2178",16079,29155
"2181",16081,6030
"2184",16083,169008
"2187",16085,17343
"2190",16087,11220
"2196",17001,218003
"2199",17003,51362
"2202",17005,70067
"2205",17007,420534
"2208",17009,86626
"2211",17011,132664
"2214",17013,5339
"2217",17015,36548
"2220",17017,87266
"2223",17019,844979
"2226",17021,119686
"2229",17023,45016
"2232",17025,65012
"2235",17027,148575
"2238",17029,271140
"2241",17031,45401952
"2244",17033,96958
"2247",17035,32640
"2250",17037,577542
"2253",17039,134491
"2256",17041,138490
"2259",17043,22374952
"2262",17045,64459
"2265",17047,49864
"2268",17049,228573
"2271",17051,57559
"2274",17053,91928
"2277",17055,108179
"2280",17057,84294
"2283",17059,19372
"2286",17061,20541
"2289",17063,591554
"2292",17065,15664
"2295",17067,34605
"2298",17069,8053
"2301",17071,10141
"2304",17073,132332
"2307",17075,53191
"2310",17077,395993
"2313",17079,27724
"2316",17081,338228
"2319",17083,57497
"2322",17085,86033
"2325",17087,45115
"2328",17089,4122870
"2331",17091,331695
"2334",17093,188788
"2337",17095,184344
"2340",17097,10849822
"2343",17099,438017
"2346",17101,49531
"2349",17103,198582
"2352",17105,191126
"2355",17107,88114
"2358",17109,100360
"2361",17111,1615181
"2364",17113,807392
"2367",17115,550844
"2370",17117,77175
"2373",17119,1399101
"2376",17121,166404
"2379",17123,52712
"2382",17125,53095
"2385",17127,86258
"2388",17129,20704
"2391",17131,26120
"2394",17133,86153
"2397",17135,120328
"2400",17137,202310
"2403",17139,60581
"2406",17141,268424
"2409",17143,1890426
"2412",17145,79724
"2415",17147,31325
"2418",17149,23168
"2421",17151,11321
"2424",17153,51784
"2427",17155,43535
"2430",17157,200360
"2433",17159,74931
"2436",17161,2302409
"2439",17163,1596254
"2442",17165,170654
"2445",17167,914723
"2448",17169,28463
"2451",17171,15521
"2454",17173,45651
"2457",17175,24382
"2460",17177,171634
"2463",17179,2139477
"2466",17181,46257
"2469",17183,213224
"2472",17185,43575
"2475",17187,61931
"2478",17189,122366
"2481",17191,21127
"2484",17193,67300
"2487",17195,197234
"2490",17197,3348328
"2493",17199,358092
"2496",17201,1378647
"2499",17203,210034
"2505",18001,158968
"2508",18003,1730685
"2511",18005,857505
"2514",18007,32227
"2517",18009,43562
"2520",18011,350141
"2523",18013,24923
"2526",18015,69215
"2529",18017,115914
"2532",18019,992710
"2535",18021,94325
"2538",18023,118287
"2541",18025,20193
"2544",18027,86577
"2547",18029,236874
"2550",18031,191039
"2553",18033,451096
"2556",18035,411434
"2559",18037,354373
"2562",18039,1651509
"2565",18041,67990
"2568",18043,603477
"2571",18045,76714
"2574",18047,49286
"2577",18049,67368
"2580",18051,537529
"2583",18053,259165
"2586",18055,65060
"2589",18057,2234018
"2592",18059,305625
"2595",18061,165598
"2598",18063,937812
"2601",18065,119991
"2604",18067,651291
"2607",18069,201119
"2610",18071,251075
"2613",18073,145180
"2616",18075,94766
"2619",18077,200052
"2622",18079,73433
"2625",18081,758969
"2628",18083,179831
"2631",18085,442673
"2634",18087,210801
"2637",18089,3120393
"2640",18091,507118
"2643",18093,84063
"2646",18095,474890
"2649",18097,16597862
"2652",18099,221847
"2655",18101,477927
"2658",18103,107696
"2661",18105,624221
"2664",18107,162299
"2667",18109,166268
"2670",18111,85157
"2673",18113,245254
"2676",18115,20283
"2679",18117,63724
"2682",18119,82070
"2685",18121,29276
"2688",18123,71908
"2691",18125,84729
"2694",18127,654651
"2697",18129,218661
"2700",18131,56253
"2703",18133,162411
"2706",18135,74336
"2709",18137,368888
"2712",18139,66983
"2715",18141,1331046
"2718",18143,75540
"2721",18145,282854
"2724",18147,131607
"2727",18149,45999
"2730",18151,162563
"2733",18153,135133
"2736",18155,22912
"2739",18157,827981
"2742",18159,55517
"2745",18161,19719
"2748",18163,1795771
"2751",18165,108494
"2754",18167,606502
"2757",18169,101429
"2760",18171,36792
"2763",18173,254507
"2766",18175,34151
"2769",18177,276612
"2772",18179,159465
"2775",18181,101498
"2778",18183,195423
"2784",20001,48425
"2787",20003,12307
"2790",20005,72871
"2793",20007,8030
"2796",20009,55140
"2799",20011,38705
"2802",20013,53129
"2805",20015,191639
"2808",20017,1928
"2811",20019,3611
"2814",20021,75139
"2817",20023,2368
"2820",20025,4948
"2823",20027,13718
"2826",20029,12842
"2829",20031,82434
"2832",20033,1544
"2835",20035,67093
"2838",20037,105965
"2841",20039,4387
"2844",20041,47333
"2847",20043,41783
"2850",20045,339847
"2853",20047,7134
"2856",20049,4966
"2859",20051,43999
"2862",20053,26853
"2865",20055,65747
"2868",20057,64306
"2871",20059,129825
"2874",20061,1280266
"2877",20063,9604
"2880",20065,3689
"2883",20067,23273
"2886",20069,24763
"2889",20071,2836
"2892",20073,15600
"2895",20075,5357
"2898",20077,18618
"2901",20079,194062
"2904",20081,12364
"2907",20083,3885
"2910",20085,45361
"2913",20087,39654
"2916",20089,3920
"2919",20091,5733398
"2922",20093,11227
"2925",20095,29310
"2928",20097,7113
"2931",20099,58867
"2934",20101,4000
"2937",20103,548502
"2940",20105,2353
"2943",20107,33164
"2946",20109,12383
"2949",20111,93093
"2952",20113,116354
"2955",20115,18067
"2958",20117,33757
"2961",20119,8581
"2964",20121,99071
"2967",20123,22205
"2970",20125,138321
"2973",20127,7510
"2976",20129,12113
"2979",20131,44661
"2982",20133,64825
"2985",20135,7147
"2988",20137,15054
"2991",20139,15978
"2994",20141,7620
"2997",20143,8463
"3000",20145,24690
"3003",20147,13822
"3006",20149,164947
"3009",20151,27145
"3012",20153,2383
"3015",20155,119029
"3018",20157,8414
"3021",20159,24550
"3024",20161,260154
"3027",20163,8055
"3030",20165,17707
"3033",20167,22659
"3036",20169,184609
"3039",20171,7845
"3042",20173,1737648
"3045",20175,90126
"3048",20177,997624
"3051",20179,6064
"3054",20181,5363
"3057",20183,3616
"3060",20185,6912
"3063",20187,9708
"3066",20189,15908
"3069",20191,49333
"3072",20193,16607
"3075",20195,9102
"3078",20197,10971
"3081",20199,1683
"3084",20201,13730
"3087",20203,4008
"3090",20205,30500
"3093",20207,6900
"3096",20209,3378499
"3102",21001,26843
"3105",21003,36272
"3108",21005,43558
"3111",21007,69272
"3114",21009,159635
"3117",21011,16735
"3120",21013,110916
"3123",21015,2171835
"3126",21017,154954
"3129",21019,768804
"3132",21021,293222
"3135",21023,11455
"3138",21025,25482
"3141",21027,13604
"3144",21029,327049
"3147",21031,25727
"3150",21033,39395
"3153",21035,126350
"3156",21037,641416
"3159",21039,6507
"3162",21041,340644
"3165",21043,48515
"3168",21045,18752
"3171",21047,2947576
"3174",21049,248909
"3177",21051,50617
"3180",21053,35771
"3183",21055,15034
"3186",21057,7567
"3189",21059,272222
"3192",21061,26849
"3195",21063,4910
"3198",21065,22855
"3201",21067,3026250
"3204",21069,20092
"3207",21071,164927
"3210",21073,715326
"3213",21075,53101
"3216",21077,79829
"3219",21079,29154
"3222",21081,66067
"3225",21083,114180
"3228",21085,55749
"3231",21087,6691
"3234",21089,99916
"3237",21091,183950
"3240",21093,1017988
"3243",21095,68800
"3246",21097,54856
"3249",21099,40536
"3252",21101,250548
"3255",21103,42090
"3258",21105,9679
"3261",21107,172063
"3264",21109,17565
"3267",21111,7394653
"3270",21113,266860
"3273",21115,47903
"3276",21117,1782110
"3279",21119,40246
"3282",21121,89905
"3285",21123,20537
"3288",21125,263630
"3291",21127,47172
"3294",21129,13364
"3297",21131,28255
"3300",21133,45652
"3303",21135,14134
"3306",21137,44502
"3309",21139,58080
"3312",21141,92619
"3315",21143,32523
"3318",21145,617684
"3321",21147,26395
"3324",21149,21505
"3327",21151,337002
"3330",21153,12895
"3333",21155,73101
"3336",21157,209795
"3339",21159,51645
"3342",21161,138609
"3345",21163,83922
"3348",21165,10813
"3351",21167,134108
"3354",21169,20978
"3357",21171,16566
"3360",21173,194453
"3363",21175,30123
"3366",21177,83593
"3369",21179,96988
"3372",21181,9560
"3375",21183,79233
"3378",21185,212346
"3381",21187,7291
"3384",21189,3189
"3387",21191,39532
"3390",21193,218421
"3393",21195,307826
"3396",21197,18933
"3399",21199,159291
"3402",21201,1768
"3405",21203,22880
"3408",21205,117878
"3411",21207,51404
"3414",21209,578016
"3417",21211,200514
"3420",21213,138564
"3423",21215,12571
"3426",21217,97602
"3429",21219,19270
"3432",21221,23150
"3435",21223,62550
"3438",21225,120069
"3441",21227,511155
"3444",21229,48273
"3447",21231,27191
"3450",21233,96420
"3453",21235,168427
"3456",21237,10341
"3459",21239,192094
"3465",22001,206178
"3468",22003,241990
"3471",22005,686074
"3474",22007,63155
"3477",22009,50098
"3480",22011,98329
"3483",22013,107082
"3486",22015,1045459
"3489",22017,1639973
"3492",22019,592906
"3495",22021,19777
"3498",22023,89201
"3501",22025,18280
"3504",22027,53056
"3507",22029,85805
"3510",22031,161732
"3513",22033,4533060
"3516",22035,11105
"3519",22037,111500
"3522",22039,75152
"3525",22041,22590
"3528",22043,42750
"3531",22045,641175
"3534",22047,669743
"3537",22049,61382
"3540",22051,3688574
"3543",22053,100309
"3546",22055,2508148
"3549",22057,625453
"3552",22059,39678
"3555",22061,213198
"3558",22063,255793
"3561",22065,36541
"3564",22067,55168
"3567",22069,81381
"3570",22071,5132177
"3573",22073,491037
"3576",22075,774651
"3579",22077,57141
"3582",22079,413095
"3585",22081,41732
"3588",22083,73358
"3591",22085,32135
"3594",22087,226852
"3597",22089,1108826
"3600",22091,18803
"3603",22093,414125
"3606",22095,475320
"3609",22097,221738
"3612",22099,225657
"3615",22101,556248
"3618",22103,631063
"3621",22105,418199
"3624",22107,8214
"3627",22109,726262
"3630",22111,39289
"3633",22113,184310
"3636",22115,201282
"3639",22117,93583
"3642",22119,149852
"3645",22121,415476
"3648",22123,21608
"3651",22125,200791
"3654",22127,40682
"3660",25001,427861
"3663",25003,331949
"3666",25005,3356175
"3669",25007,20809
"3672",25009,5654384
"3675",25011,301062
"3678",25013,2351071
"3681",25015,1033378
"3684",25017,30274253
"3687",25019,24403
"3690",25021,12004390
"3693",25023,3114159
"3696",25025,41652731
"3699",25027,3498408
"3705",24001,381184
"3708",24003,9010095
"3711",24005,10091305
"3714",24009,331273
"3717",24011,143628
"3720",24013,979543
"3723",24015,591122
"3726",24017,727076
"3729",24019,153210
"3732",24021,1837449
"3735",24023,85818
"3738",24025,1309278
"3741",24027,6496079
"3744",24029,127124
"3747",24031,15189071
"3750",24033,12677220
"3753",24035,316258
"3756",24037,876191
"3759",24039,151314
"3762",24041,290521
"3765",24043,1064039
"3768",24045,555063
"3771",24047,251401
"3774",24510,14399696
"3780",23001,576941
"3783",23003,53618
"3786",23005,2244844
"3789",23007,122142
"3792",23009,127035
"3795",23011,687165
"3798",23013,143637
"3801",23015,102348
"3804",23017,154431
"3807",23019,432818
"3810",23021,38330
"3813",23023,491284
"3816",23025,243601
"3819",23027,98793
"3822",23029,22785
"3825",23031,679799
"3831",26001,12038
"3834",26003,23328
"3837",26005,901610
"3840",26007,75175
"3843",26009,61538
"3846",26011,60803
"3849",26013,35818
"3852",26015,152017
"3855",26017,539727
"3858",26019,27037
"3861",26021,517561
"3864",26023,149757
"3867",26025,780322
"3870",26027,119355
"3873",26029,107679
"3876",26031,33664
"3879",26033,43851
"3882",26035,88053
"3885",26037,307850
"3888",26039,52117
"3891",26041,48094
"3894",26043,160762
"3897",26045,768851
"3900",26047,183635
"3903",26049,1256126
"3906",26051,40595
"3909",26053,40181
"3912",26055,598919
"3915",26057,238199
"3918",26059,117976
"3921",26061,49687
"3924",26063,75576
"3927",26065,3520386
"3930",26067,300639
"3933",26069,53586
"3936",26071,10898
"3939",26073,310048
"3942",26075,541750
"3945",26077,1275475
"3948",26079,65961
"3951",26081,4130069
"3954",26083,2518
"3957",26085,23845
"3960",26087,320813
"3963",26089,65187
"3966",26091,232249
"3969",26093,763982
"3972",26095,19952
"3975",26097,32398
"3978",26099,6739108
"3981",26101,64794
"3984",26103,53031
"3987",26105,53866
"3990",26107,146694
"3993",26109,101355
"3996",26111,460914
"3999",26113,38062
"4002",26115,550348
"4005",26117,225254
"4008",26119,20466
"4011",26121,614646
"4014",26123,159126
"4017",26125,14334860
"4020",26127,56489
"4023",26129,46275
"4026",26131,3904
"4029",26133,116629
"4032",26135,12522
"4035",26137,91745
"4038",26139,1695363
"4041",26141,20140
"4044",26143,48543
"4047",26145,1273576
"4050",26147,429685
"4053",26149,230685
"4056",26151,123879
"4059",26153,13704
"4062",26155,182415
"4065",26157,140499
"4068",26159,379499
"4071",26161,4307672
"4074",26163,18590356
"4077",26165,164424
"4083",27001,24175
"4086",27003,2880443
"4089",27005,97000
"4092",27007,120518
"4095",27009,451551
"4098",27011,15705
"4101",27013,602271
"4104",27015,110660
"4107",27017,182811
"4110",27019,685002
"4113",27021,110253
"4116",27023,60539
"4119",27025,311820
"4122",27027,329355
"4125",27029,31503
"4128",27031,7558
"4131",27033,46562
"4134",27035,207663
"4137",27037,4580950
"4140",27039,79382
"4143",27041,124628
"4146",27043,46199
"4149",27045,47036
"4152",27047,64465
"4155",27049,359637
"4158",27051,20444
"4161",27053,25503628
"4164",27055,49989
"4167",27057,44305
"4170",27059,153990
"4173",27061,83109
"4176",27063,59573
"4179",27065,30261
"4182",27067,129169
"4185",27069,12313
"4188",27071,9136
"4191",27073,16809
"4194",27075,31994
"4197",27077,13456
"4200",27079,122547
"4203",27081,12581
"4206",27083,122406
"4209",27085,222341
"4212",27087,23677
"4215",27089,20729
"4218",27091,49147
"4221",27093,70319
"4224",27095,156295
"4227",27097,91486
"4230",27099,135363
"4233",27101,17295
"4236",27103,283500
"4239",27105,86921
"4242",27107,11592
"4245",27109,1086595
"4248",27111,103897
"4251",27113,108708
"4254",27115,58209
"4257",27117,27634
"4260",27119,118132
"4263",27121,39433
"4266",27123,13352768
"4269",27125,10853
"4272",27127,45185
"4275",27129,53931
"4278",27131,273614
"4281",27133,21145
"4284",27135,41729
"4287",27137,666025
"4290",27139,780513
"4293",27141,472874
"4296",27143,29129
"4299",27145,1171257
"4302",27147,221943
"4305",27149,51638
"4308",27151,33631
"4311",27153,52396
"4314",27155,10164
"4317",27157,63756
"4320",27159,91629
"4323",27161,80731
"4326",27163,1471805
"4329",27165,27013
"4332",27167,41470
"4335",27169,224434
"4338",27171,482756
"4341",27173,60808
"4347",29001,59883
"4350",29003,19353
"4353",29005,10024
"4356",29007,103788
"4359",29009,211993
"4362",29011,29682
"4365",29013,28770
"4368",29015,18158
"4371",29017,13572
"4374",29019,644090
"4377",29021,733740
"4380",29023,153578
"4383",29025,24207
"4386",29027,326403
"4389",29029,125688
"4392",29031,398828
"4395",29033,9009
"4398",29035,8522
"4401",29037,271133
"4404",29039,24645
"4407",29041,19153
"4410",29043,147993
"4413",29045,10309
"4416",29047,2218350
"4419",29049,65380
"4422",29051,943973
"4425",29053,59857
"4428",29055,71949
"4431",29057,19419
"4434",29059,17937
"4437",29061,16538
"4440",29063,66230
"4443",29065,22086
"4446",29067,14105
"4449",29069,62781
"4452",29071,435430
"4455",29073,59263
"4458",29075,17273
"4461",29077,2295090
"4464",29079,30506
"4467",29081,12421
"4470",29083,74685
"4473",29085,10753
"4476",29087,9650
"4479",29089,17951
"4482",29091,101768
"4485",29093,67903
"4488",29095,10540797
"4491",29097,999259
"4494",29099,576107
"4497",29101,294696
"4500",29103,9184
"4503",29105,108030
"4506",29107,72183
"4509",29109,95245
"4512",29111,21045
"4515",29113,95452
"4518",29115,35750
"4521",29117,50612
"4524",29119,96005
"4527",29121,31445
"4530",29123,34273
"4533",29125,13311
"4536",29127,215997
"4539",29129,15366
"4542",29131,76935
"4545",29133,37488
"4548",29135,37551
"4551",29137,24858
"4554",29139,20533
"4557",29141,26813
"4560",29143,148807
"4563",29145,333315
"4566",29147,49378
"4569",29149,20851
"4572",29151,44987
"4575",29153,6121
"4578",29155,53736
"4581",29157,104786
"4584",29159,155116
"4587",29161,138906
"4590",29163,57351
"4593",29165,1083113
"4596",29167,79267
"4599",29169,281842
"4602",29171,7305
"4605",29173,54830
"4608",29175,111560
"4611",29177,52683
"4614",29179,24297
"4617",29181,9311
"4620",29183,1516868
"4623",29185,14339
"4626",29186,50347
"4629",29187,202862
"4632",29189,14912366
"4635",29195,49039
"4638",29197,4416
"4641",29199,5635
"4644",29201,209451
"4647",29203,7251
"4650",29205,8568
"4653",29207,100161
"4656",29209,35674
"4659",29211,36035
"4662",29213,223388
"4665",29215,55034
"4668",29217,50728
"4671",29219,87068
"4674",29221,44822
"4677",29223,10600
"4680",29225,62454
"4683",29227,2701
"4686",29229,39726
"4689",29510,11555405
"4695",28001,95570
"4698",28003,120537
"4701",28005,12599
"4704",28007,26721
"4707",28009,26132
"4710",28011,77614
"4713",28013,17975
"4716",28015,12792
"4719",28017,86298
"4722",28019,27307
"4725",28021,246135
"4728",28023,25867
"4731",28025,56055
"4734",28027,67709
"4737",28029,122970
"4740",28031,60782
"4743",28033,597845
"4746",28035,1093038
"4749",28037,16074
"4752",28039,60200
"4755",28041,19697
"4758",28043,119882
"4761",28045,442366
"4764",28047,1095219
"4767",28049,3337747
"4770",28051,31093
"4773",28053,20136
"4776",28055,2066
"4779",28057,48179
"4782",28059,723206
"4785",28061,71850
"4788",28063,15219
"4791",28065,22200
"4794",28067,344028
"4797",28069,47795
"4800",28071,130889
"4803",28073,186857
"4806",28075,267139
"4809",28077,47401
"4812",28079,41541
"4815",28081,720254
"4818",28083,245273
"4821",28085,140316
"4824",28087,296061
"4827",28089,933316
"4830",28091,83621
"4833",28093,89417
"4836",28095,81896
"4839",28097,22856
"4842",28099,132121
"4845",28101,62270
"4848",28103,23542
"4851",28105,134634
"4854",28107,123435
"4857",28109,63826
"4860",28111,59637
"4863",28113,132634
"4866",28115,143858
"4869",28117,76685
"4872",28119,12228
"4875",28121,997761
"4878",28123,179038
"4881",28125,8878
"4884",28127,60047
"4887",28129,40245
"4890",28131,33516
"4893",28133,96493
"4896",28135,15154
"4899",28137,58856
"4902",28139,54548
"4905",28141,83348
"4908",28143,284344
"4911",28145,133253
"4914",28147,19237
"4917",28149,194635
"4920",28151,86217
"4923",28153,39194
"4926",28155,19260
"4929",28157,26852
"4932",28159,28845
"4935",28161,30130
"4938",28163,72257
"4944",30001,8202
"4947",30003,53108
"4950",30005,8247
"4953",30007,7508
"4956",30009,16700
"4959",30011,169
"4962",30013,69595
"4965",30015,3389
"4968",30017,14638
"4971",30019,2121
"4974",30021,6944
"4977",30023,17950
"4980",30025,25461
"4983",30027,7121
"4986",30029,57036
"4989",30031,91418
"4992",30033,117
"4995",30035,25787
"4998",30037,792
"5001",30039,3833
"5004",30041,19054
"5007",30043,36192
"5010",30045,2001
"5013",30047,27176
"5016",30049,233840
"5019",30051,3498
"5022",30053,6885
"5025",30055,3918
"5028",30057,22352
"5031",30059,1680
"5034",30061,5437
"5037",30063,240998
"5040",30065,3229
"5043",30067,11672
"5046",30069,0
"5049",30071,1680
"5052",30073,7366
"5055",30075,524
"5058",30077,27750
"5061",30079,2292
"5064",30081,28367
"5067",30083,23816
"5070",30085,21038
"5073",30087,36123
"5076",30089,8040
"5079",30091,4673
"5082",30093,62311
"5085",30095,60654
"5088",30097,42797
"5091",30099,8128
"5094",30101,18009
"5097",30103,1507
"5100",30105,4443
"5103",30107,1601
"5106",30109,2795
"5109",30111,202366
"5115",37001,631243
"5118",37003,77170
"5121",37005,19992
"5124",37007,112933
"5127",37009,29646
"5130",37011,80521
"5133",37013,170211
"5136",37015,83939
"5139",37017,165020
"5142",37019,211084
"5145",37021,1276118
"5148",37023,268509
"5151",37025,874162
"5154",37027,215901
"5157",37029,28132
"5160",37031,95779
"5163",37033,34507
"5166",37035,1168419
"5169",37037,233421
"5172",37039,65801
"5175",37041,45335
"5178",37043,17068
"5181",37045,281128
"5184",37047,111982
"5187",37049,741021
"5190",37051,2287445
"5193",37053,50664
"5196",37055,84958
"5199",37057,492697
"5202",37059,110082
"5205",37061,215633
"5208",37063,9490417
"5211",37065,452013
"5214",37067,3403362
"5217",37069,265460
"5220",37071,865139
"5223",37073,13982
"5226",37075,3509
"5229",37077,505709
"5232",37079,74753
"5235",37081,3947076
"5238",37083,165834
"5241",37085,295796
"5244",37087,95217
"5247",37089,253967
"5250",37091,128420
"5253",37093,122133
"5256",37095,11339
"5259",37097,1071492
"5262",37099,138100
"5265",37101,563246
"5268",37103,31462
"5271",37105,472880
"5274",37107,419448
"5277",37109,240296
"5280",37111,110858
"5283",37113,56906
"5286",37115,38566
"5289",37117,102288
"5292",37119,13170253
"5295",37121,53503
"5298",37123,93653
"5301",37125,275839
"5304",37127,555507
"5307",37129,1245198
"5310",37131,68284
"5313",37133,447452
"5316",37135,1876629
"5319",37137,28796
"5322",37139,279636
"5325",37141,133689
"5328",37143,19731
"5331",37145,117639
"5334",37147,433729
"5337",37149,57777
"5340",37151,493484
"5343",37153,115781
"5346",37155,279908
"5349",37157,305664
"5352",37159,777725
"5355",37161,92527
"5358",37163,137662
"5361",37165,157200
"5364",37167,136644
"5367",37169,98583
"5370",37171,283025
"5373",37173,83835
"5376",37175,49875
"5379",37177,10078
"5382",37179,516970
"5385",37181,183214
"5388",37183,6315695
"5391",37185,39148
"5394",37187,51947
"5397",37189,140308
"5400",37191,352347
"5403",37193,106160
"5406",37195,575271
"5409",37197,131844
"5412",37199,22091
"5418",38001,3588
"5421",38003,22287
"5424",38005,27572
"5427",38007,18619
"5430",38009,15799
"5433",38011,10000
"5436",38013,14833
"5439",38015,460639
"5442",38017,1117195
"5445",38019,10356
"5448",38021,10245
"5451",38023,10639
"5454",38025,73802
"5457",38027,4120
"5460",38029,4894
"5463",38031,14123
"5466",38033,7173
"5469",38035,378827
"5472",38037,1701
"5475",38039,4226
"5478",38041,3143
"5481",38043,2990
"5484",38045,7168
"5487",38047,2018
"5490",38049,13397
"5493",38051,6989
"5496",38053,154232
"5499",38055,71409
"5502",38057,79660
"5505",38059,198721
"5508",38061,38565
"5511",38063,5555
"5514",38065,26450
"5517",38067,45409
"5520",38069,11707
"5523",38071,28940
"5526",38073,20303
"5529",38075,10576
"5532",38077,104488
"5535",38079,16139
"5538",38081,52958
"5541",38083,2767
"5544",38085,31364
"5547",38087,10086
"5550",38089,110842
"5553",38091,9331
"5556",38093,36632
"5559",38095,5953
"5562",38097,26633
"5565",38099,32952
"5568",38101,292571
"5571",38103,12818
"5574",38105,514029
"5580",31001,119392
"5583",31003,12092
"5586",31005,0
"5589",31007,2045
"5592",31009,1531
"5595",31011,14117
"5598",31013,29147
"5601",31015,2541
"5604",31017,4532
"5607",31019,177969
"5610",31021,8638
"5613",31023,20036
"5616",31025,79476
"5619",31027,19537
"5622",31029,8237
"5625",31031,5686
"5628",31033,38643
"5631",31035,34757
"5634",31037,54831
"5637",31039,23243
"5640",31041,12717
"5643",31043,312047
"5646",31045,8155
"5649",31047,54213
"5652",31049,5227
"5655",31051,22739
"5658",31053,167097
"5661",31055,5356027
"5664",31057,2886
"5667",31059,17272
"5670",31061,5063
"5673",31063,7164
"5676",31065,15553
"5679",31067,59262
"5682",31069,1874
"5685",31071,5439
"5688",31073,5679
"5691",31075,1133
"5694",31077,4846
"5697",31079,289813
"5700",31081,31149
"5703",31083,3968
"5706",31085,1183
"5709",31087,7185
"5712",31089,12008
"5715",31091,1810
"5718",31093,7647
"5721",31095,32431
"5724",31097,18123
"5727",31099,22969
"5730",31101,12122
"5733",31103,319
"5736",31105,7286
"5739",31107,12954
"5742",31109,910437
"5745",31111,45670
"5748",31113,1578
"5751",31115,349
"5754",31117,0
"5757",31119,243231
"5760",31121,23023
"5763",31123,8678
"5766",31125,7512
"5769",31127,62195
"5772",31129,6328
"5775",31131,78863
"5778",31133,11259
"5781",31135,8677
"5784",31137,37519
"5787",31139,17673
"5790",31141,170883
"5793",31143,10676
"5796",31145,33398
"5799",31147,10566
"5802",31149,1982
"5805",31151,97262
"5808",31153,1406804
"5811",31155,67471
"5814",31157,73033
"5817",31159,78889
"5820",31161,3455
"5823",31163,12375
"5826",31165,1601
"5829",31167,53029
"5832",31169,28104
"5835",31171,3324
"5838",31173,39004
"5841",31175,7980
"5844",31177,227294
"5847",31179,44049
"5850",31181,5461
"5853",31183,4527
"5856",31185,67751
"5862",33001,326421
"5865",33003,142747
"5868",33005,232501
"5871",33007,80487
"5874",33009,1088296
"5877",33011,3471865
"5880",33013,1344843
"5883",33015,2915588
"5886",33017,837196
"5889",33019,144252
"5895",34001,1852991
"5898",34003,13678944
"5901",34005,5314678
"5904",34007,5107206
"5907",34009,343751
"5910",34011,838318
"5913",34013,15457632
"5916",34015,1762708
"5919",34017,12222396
"5922",34019,1695234
"5925",34021,8830718
"5928",34023,14757453
"5931",34025,4347941
"5934",34027,13139994
"5937",34029,1271540
"5940",34031,5084002
"5943",34033,652720
"5946",34035,9829225
"5949",34037,544212
"5952",34039,10218901
"5955",34041,1075728
"5961",35001,3117900
"5964",35003,1854
"5967",35005,33961
"5970",35006,34000
"5973",35007,21204
"5976",35009,96409
"5979",35011,2286
"5982",35013,398641
"5985",35015,124379
"5988",35017,15919
"5991",35019,9286
"5994",35021,844
"5997",35023,19491
"6000",35025,135742
"6003",35027,18936
"6006",35028,625478
"6009",35029,32523
"6012",35031,114029
"6015",35033,5753
"6018",35035,163736
"6021",35037,4246
"6024",35039,85555
"6027",35041,32546
"6030",35043,503139
"6033",35045,213278
"6036",35047,30956
"6039",35049,578268
"6042",35051,7753
"6045",35053,20491
"6048",35055,23265
"6051",35057,45978
"6054",35059,2755
"6057",35061,128658
"6063",32001,52609
"6066",32003,1338800
"6069",32005,271706
"6072",32007,116214
"6075",32009,8721
"6078",32011,387810
"6081",32013,71347
"6084",32015,96655
"6087",32017,15521
"6090",32019,137617
"6093",32021,8459
"6096",32023,141995
"6099",32027,29399
"6102",32029,169909
"6105",32031,768471
"6108",32033,21813
"6111",32510,753529
"6117",36001,7090037
"6120",36003,120739
"6123",36005,6865083
"6126",36007,878413
"6129",36009,364656
"6132",36011,289188
"6135",36013,259606
"6138",36015,514314
"6141",36017,197285
"6144",36019,156955
"6147",36021,277353
"6150",36023,218467
"6153",36025,280687
"6156",36027,1641617
"6159",36029,2813172
"6162",36031,184943
"6165",36033,214304
"6168",36035,182064
"6171",36037,359213
"6174",36039,253100
"6177",36041,10039
"6180",36043,173211
"6183",36045,300004
"6186",36047,9221428
"6189",36049,43402
"6192",36051,382964
"6195",36053,400147
"6198",36055,3158533
"6201",36057,333846
"6204",36059,15543927
"6207",36061,199426008
"6210",36063,702803
"6213",36065,1008566
"6216",36067,2437180
"6219",36069,927555
"6222",36071,1823155
"6225",36073,246628
"6228",36075,340632
"6231",36077,235169
"6234",36079,699861
"6237",36081,13509557
"6240",36083,1260759
"6243",36085,1605135
"6246",36087,2782490
"6249",36089,105233
"6252",36091,1162002
"6255",36093,1912720
"6258",36095,69610
"6261",36097,75555
"6264",36099,250949
"6267",36101,501696
"6270",36103,6769331
"6273",36105,218593
"6276",36107,294902
"6279",36109,686093
"6282",36111,553170
"6285",36113,770841
"6288",36115,285661
"6291",36117,480997
"6294",36119,12864936
"6297",36121,271025
"6300",36123,62518
"6306",39001,52802
"6309",39003,879590
"6312",39005,192614
"6315",39007,220485
"6318",39009,195011
"6321",39011,297206
"6324",39013,279459
"6327",39015,140857
"6330",39017,2929251
"6333",39019,116769
"6336",39021,173675
"6339",39023,528017
"6342",39025,1214362
"6345",39027,330665
"6348",39029,291175
"6351",39031,72836
"6354",39033,159705
"6357",39035,14721940
"6360",39037,191236
"6363",39039,233678
"6366",39041,1905103
"6369",39043,400557
"6372",39045,569392
"6375",39047,105355
"6378",39049,13474311
"6381",39051,318806
"6384",39053,146189
"6387",39055,649702
"6390",39057,2334265
"6393",39059,145200
"6396",39061,13739729
"6399",39063,580151
"6402",39065,87181
"6405",39067,59542
"6408",39069,176325
"6411",39071,105494
"6414",39073,74423
"6417",39075,253496
"6420",39077,319735
"6423",39079,113176
"6426",39081,232545
"6429",39083,161142
"6432",39085,1436082
"6435",39087,133773
"6438",39089,536950
"6441",39091,308267
"6444",39093,807064
"6447",39095,3349817
"6450",39097,376681
"6453",39099,1385203
"6456",39101,280809
"6459",39103,854162
"6462",39105,25106
"6465",39107,153996
"6468",39109,468417
"6471",39111,58476
"6474",39113,4260612
"6477",39115,25957
"6480",39117,74615
"6483",39119,271856
"6486",39121,37365
"6489",39123,207648
"6492",39125,45503
"6495",39127,66249
"6498",39129,318405
"6501",39131,211118
"6504",39133,1063891
"6507",39135,110258
"6510",39137,92023
"6513",39139,455716
"6516",39141,352813
"6519",39143,339582
"6522",39145,153582
"6525",39147,216216
"6528",39149,537082
"6531",39151,1368958
"6534",39153,4378337
"6537",39155,1075941
"6540",39157,257460
"6543",39159,985282
"6546",39161,92171
"6549",39163,40668
"6552",39165,1592450
"6555",39167,301366
"6558",39169,566853
"6561",39171,182870
"6564",39173,1427123
"6567",39175,113262
"6573",40001,50531
"6576",40003,15562
"6579",40005,24008
"6582",40007,16210
"6585",40009,124583
"6588",40011,27077
"6591",40013,88281
"6594",40015,57474
"6597",40017,398557
"6600",40019,225271
"6603",40021,96324
"6606",40023,26982
"6609",40025,3185
"6612",40027,773163
"6615",40029,8114
"6618",40031,218841
"6621",40033,8560
"6624",40035,74465
"6627",40037,374607
"6630",40039,125118
"6633",40041,72320
"6636",40043,21156
"6639",40045,14358
"6642",40047,117884
"6645",40049,125111
"6648",40051,139415
"6651",40053,16976
"6654",40055,12626
"6657",40057,3714
"6660",40059,6524
"6663",40061,17914
"6666",40063,29259
"6669",40065,87250
"6672",40067,11706
"6675",40069,37870
"6678",40071,132159
"6681",40073,65081
"6684",40075,21111
"6687",40077,66184
"6690",40079,96256
"6693",40081,114365
"6696",40083,116491
"6699",40085,28446
"6702",40087,87994
"6705",40089,43195
"6708",40091,25252
"6711",40093,29428
"6714",40095,38780
"6717",40097,132622
"6720",40099,35862
"6723",40101,395182
"6726",40103,66786
"6729",40105,19700
"6732",40107,23094
"6735",40109,8812907
"6738",40111,86805
"6741",40113,126487
"6744",40115,82118
"6747",40117,48420
"6750",40119,209340
"6753",40121,120811
"6756",40123,127439
"6759",40125,211372
"6762",40127,16648
"6765",40129,12842
"6768",40131,487449
"6771",40133,88861
"6774",40135,39172
"6777",40137,85639
"6780",40139,52253
"6783",40141,12701
"6786",40143,4947247
"6789",40145,79444
"6792",40147,298930
"6795",40149,21458
"6798",40151,19910
"6801",40153,92904
"6807",41001,9383
"6810",41003,424643
"6813",41005,3162912
"6816",41007,90398
"6819",41009,107869
"6822",41011,32562
"6825",41013,60188
"6828",41015,23669
"6831",41017,154254
"6834",41019,66359
"6837",41021,12681
"6840",41023,3520
"6843",41025,831
"6846",41027,97741
"6849",41029,181831
"6852",41031,39528
"6855",41033,102051
"6858",41035,36195
"6861",41037,5572
"6864",41039,247628
"6867",41041,38652
"6870",41043,575183
"6873",41045,192851
"6876",41047,1616570
"6879",41049,64181
"6882",41051,13149896
"6885",41053,256783
"6888",41055,9192
"6891",41057,21591
"6894",41059,190936
"6897",41061,18253
"6900",41063,4769
"6903",41065,85132
"6906",41067,6171331
"6909",41069,228
"6912",41071,353200
"6918",42001,432315
"6921",42003,11127897
"6924",42005,318633
"6927",42007,682640
"6930",42009,133338
"6933",42011,1547091
"6936",42013,510230
"6939",42015,238901
"6942",42017,4848166
"6945",42019,1483341
"6948",42021,488195
"6951",42023,24156
"6954",42025,185373
"6957",42027,681612
"6960",42029,7150726
"6963",42031,131218
"6966",42033,315840
"6969",42035,159139
"6972",42037,360538
"6975",42039,230133
"6978",42041,2904240
"6981",42043,5171263
"6984",42045,5884592
"6987",42047,79729
"6990",42049,430730
"6993",42051,411905
"6996",42053,65324
"6999",42055,529377
"7002",42057,100393
"7005",42059,435263
"7008",42061,119540
"7011",42063,432621
"7014",42065,191660
"7017",42067,60505
"7020",42069,839696
"7023",42071,1299553
"7026",42073,408804
"7029",42075,545700
"7032",42077,3606218
"7035",42079,1089791
"7038",42081,446803
"7041",42083,117213
"7044",42085,526935
"7047",42087,108686
"7050",42089,908945
"7053",42091,15936652
"7056",42093,816653
"7059",42095,1865012
"7062",42097,399200
"7065",42099,86762
"7068",42101,21154715
"7071",42103,125064
"7074",42105,56950
"7077",42107,431946
"7080",42109,219674
"7083",42111,191520
"7086",42113,18665
"7089",42115,101650
"7092",42117,96501
"7095",42119,326538
"7098",42121,188206
"7101",42123,74977
"7104",42125,1565575
"7107",42127,221234
"7110",42129,1461816
"7113",42131,227202
"7116",42133,1653807
"7122",44001,258977
"7125",44003,1871716
"7128",44005,972346
"7131",44007,5683637
"7134",44009,902520
"7140",45001,78769
"7143",45003,1031528
"7146",45005,71810
"7149",45007,515981
"7152",45009,55405
"7155",45011,67387
"7158",45013,383748
"7161",45015,773192
"7164",45017,94799
"7167",45019,4896039
"7170",45021,204452
"7173",45023,126595
"7176",45025,167902
"7179",45027,73264
"7182",45029,53466
"7185",45031,332275
"7188",45033,63657
"7191",45035,428907
"7194",45037,99909
"7197",45039,320375
"7200",45041,743632
"7203",45043,249311
"7206",45045,2789776
"7209",45047,308066
"7212",45049,70599
"7215",45051,461582
"7218",45053,117034
"7221",45055,151519
"7224",45057,246137
"7227",45059,210110
"7230",45061,51673
"7233",45063,1701513
"7236",45065,27241
"7239",45067,52815
"7242",45069,109333
"7245",45071,156333
"7248",45073,309857
"7251",45075,264765
"7254",45077,606838
"7257",45079,4071394
"7260",45081,37447
"7263",45083,1672645
"7266",45085,477990
"7269",45087,55190
"7272",45089,119597
"7275",45091,830963
"7281",46003,7771
"7284",46005,24201
"7287",46007,1931
"7290",46009,11886
"7293",46011,110223
"7296",46013,67548
"7299",46015,10345
"7302",46017,13523
"7305",46019,11598
"7308",46021,1334
"7311",46023,14660
"7314",46025,3593
"7317",46027,50073
"7320",46029,75535
"7323",46031,5666
"7326",46033,9180
"7329",46035,89148
"7332",46037,7948
"7335",46039,16521
"7338",46041,12955
"7341",46043,7826
"7344",46045,6885
"7347",46047,24837
"7350",46049,1226
"7353",46051,29789
"7356",46053,3148
"7359",46055,2482
"7362",46057,11145
"7365",46059,2164
"7368",46061,10043
"7371",46063,1211
"7374",46065,74594
"7377",46067,19543
"7380",46069,5522
"7383",46071,5949
"7386",46073,24181
"7389",46075,1009
"7392",46077,13928
"7395",46079,23159
"7398",46081,91640
"7401",46083,117215
"7404",46085,8561
"7407",46087,25486
"7410",46089,2323
"7413",46091,18027
"7416",46093,122182
"7419",46095,1707
"7422",46097,3800
"7425",46099,1887528
"7428",46101,18576
"7431",46103,332697
"7434",46105,4441
"7437",46107,3108
"7440",46109,14206
"7443",46111,4879
"7446",46113,51104
"7449",46115,13568
"7452",46117,23057
"7455",46119,3372
"7458",46121,26187
"7461",46123,5994
"7464",46125,19899
"7467",46127,240766
"7470",46129,6584
"7473",46135,98653
"7476",46137,2338
"7482",47001,1513873
"7485",47003,165575
"7488",47005,33299
"7491",47007,24536
"7494",47009,714573
"7497",47011,487366
"7500",47013,58797
"7503",47015,33043
"7506",47017,82477
"7509",47019,116376
"7512",47021,197428
"7515",47023,36687
"7518",47025,67553
"7521",47027,7840
"7524",47029,64639
"7527",47031,464114
"7530",47033,47425
"7533",47035,81828
"7536",47037,12555660
"7539",47039,34880
"7542",47041,55259
"7545",47043,176028
"7548",47045,133820
"7551",47047,88087
"7554",47049,12177
"7557",47051,77639
"7560",47053,162833
"7563",47055,70731
"7566",47057,38592
"7569",47059,172791
"7572",47061,17091
"7575",47063,418273
"7578",47065,2562956
"7581",47067,3590
"7584",47069,82045
"7587",47071,75982
"7590",47073,143085
"7593",47075,54127
"7596",47077,82105
"7599",47079,81701
"7602",47081,34293
"7605",47083,19832
"7608",47085,86046
"7611",47087,13164
"7614",47089,216991
"7617",47091,19050
"7620",47093,2725141
"7623",47095,21583
"7626",47097,67493
"7629",47099,54325
"7632",47101,11511
"7635",47103,57508
"7638",47105,232707
"7641",47107,220375
"7644",47109,55026
"7647",47111,27258
"7650",47113,757579
"7653",47115,86872
"7656",47117,102350
"7659",47119,467660
"7662",47121,24840
"7665",47123,165931
"7668",47125,237272
"7671",47127,35041
"7674",47129,52149
"7677",47131,96073
"7680",47133,40896
"7683",47135,11953
"7686",47137,5316
"7689",47139,35038
"7692",47141,344749
"7695",47143,203265
"7698",47145,563934
"7701",47147,207617
"7704",47149,1672959
"7707",47151,23799
"7710",47153,19491
"7713",47155,218362
"7716",47157,6129510
"7719",47159,60472
"7722",47161,65875
"7725",47163,1347367
"7728",47165,428768
"7731",47167,91483
"7734",47169,43926
"7737",47171,112709
"7740",47173,54429
"7743",47175,6858
"7746",47177,135536
"7749",47179,822067
"7752",47181,23167
"7755",47183,68860
"7758",47185,60498
"7761",47187,2227969
"7764",47189,544598
"7770",48001,185264
"7773",48003,66022
"7776",48005,222443
"7779",48007,54410
"7782",48009,25874
"7785",48011,13732
"7788",48013,100384
"7791",48015,280932
"7794",48017,19859
"7797",48019,42988
"7800",48021,203910
"7803",48023,3931
"7806",48025,72461
"7809",48027,2021024
"7812",48029,6898212
"7815",48031,34328
"7818",48033,513
"7821",48035,26385
"7824",48037,532484
"7827",48039,1093233
"7830",48041,536715
"7833",48043,17359
"7836",48045,1051
"7839",48047,51621
"7842",48049,63391
"7845",48051,78270
"7848",48053,127691
"7851",48055,121415
"7854",48057,354843
"7857",48059,21757
"7860",48061,380950
"7863",48063,50828
"7866",48065,336495
"7869",48067,106571
"7872",48069,18942
"7875",48071,223335
"7878",48073,129966
"7881",48075,16498
"7884",48077,15723
"7887",48079,7957
"7890",48081,7098
"7893",48083,6856
"7896",48085,6704398
"7899",48087,1652
"7902",48089,72175
"7905",48091,584839
"7908",48093,31374
"7911",48095,7502
"7914",48097,199167
"7917",48099,336158
"7920",48101,822
"7923",48103,24253
"7926",48105,5849
"7929",48107,11137
"7932",48109,5580
"7935",48111,112978
"7938",48113,49136045
"7941",48115,31547
"7944",48117,59386
"7947",48119,12154
"7950",48121,2074782
"7953",48123,87978
"7956",48125,2761
"7959",48127,67302
"7962",48129,6919
"7965",48131,49601
"7968",48133,47381
"7971",48135,823337
"7974",48137,4144
"7977",48139,529884
"7980",48141,1224671
"7983",48143,76373
"7986",48145,51930
"7989",48147,73256
"7992",48149,75806
"7995",48151,8819
"7998",48153,8942
"8001",48155,1330
"8004",48157,2341641
"8007",48159,49198
"8010",48161,107227
"8013",48163,63440
"8016",48165,65281
"8019",48167,1229444
"8022",48169,18950
"8025",48171,48482
"8028",48173,5404
"8031",48175,32151
"8034",48177,36241
"8037",48179,83807
"8040",48181,384257
"8043",48183,1802828
"8046",48185,172323
"8049",48187,265437
"8052",48189,107868
"8055",48191,11365
"8058",48193,24863
"8061",48195,23580
"8064",48197,3966
"8067",48199,164342
"8070",48201,42134553
"8073",48203,333056
"8076",48205,29323
"8079",48207,13447
"8082",48209,632775
"8085",48211,17836
"8088",48213,127231
"8091",48215,582559
"8094",48217,84323
"8097",48219,85628
"8100",48221,180616
"8103",48223,84216
"8106",48225,73921
"8109",48227,83398
"8112",48229,27575
"8115",48231,492368
"8118",48233,106342
"8121",48235,17228
"8124",48237,37200
"8127",48239,94446
"8130",48241,151222
"8133",48243,5547
"8136",48245,2468248
"8139",48247,16233
"8142",48249,298488
"8145",48251,641904
"8148",48253,106929
"8151",48255,42945
"8154",48257,367704
"8157",48259,128487
"8160",48261,23401
"8163",48263,1700
"8166",48265,105745
"8169",48267,3063
"8172",48269,991
"8175",48271,15100
"8178",48273,125096
"8181",48275,9018
"8184",48277,134103
"8187",48279,25051
"8190",48281,46098
"8193",48283,67967
"8196",48285,40468
"8199",48287,86747
"8202",48289,91285
"8205",48291,304364
"8208",48293,99631
"8211",48295,13141
"8214",48297,46277
"8217",48299,51925
"8220",48301,1629
"8223",48303,355396
"8226",48305,12713
"8229",48307,19460
"8232",48309,456978
"8235",48311,11961
"8238",48313,54790
"8241",48315,25244
"8244",48317,18527
"8247",48319,5015
"8250",48321,149347
"8253",48323,69215
"8256",48325,75784
"8259",48327,2503
"8262",48329,744050
"8265",48331,72911
"8268",48333,7782
"8271",48335,32440
"8274",48337,25603
"8277",48339,1924750
"8280",48341,57552
"8283",48343,159237
"8286",48345,1054
"8289",48347,124280
"8292",48349,101402
"8295",48351,29525
"8298",48353,48747
"8301",48355,1421133
"8304",48357,28449
"8307",48359,22976
"8310",48361,376866
"8313",48363,122158
"8316",48365,129692
"8319",48367,415510
"8322",48369,66134
"8325",48371,45888
"8328",48373,90179
"8331",48375,2408215
"8334",48377,26241
"8337",48379,16374
"8340",48381,356262
"8343",48383,51827
"8346",48385,3479
"8349",48387,14317
"8352",48389,21039
"8355",48391,19967
"8358",48393,1319
"8361",48395,77464
"8364",48397,200032
"8367",48399,20125
"8370",48401,227535
"8373",48403,51603
"8376",48405,18162
"8379",48407,48839
"8382",48409,383203
"8385",48411,6307
"8388",48413,7099
"8391",48415,55757
"8394",48417,21039
"8397",48419,58800
"8400",48421,4440
"8403",48423,797213
"8406",48425,154235
"8409",48427,76475
"8412",48429,22975
"8415",48431,10079
"8418",48433,2937
"8421",48435,29750
"8424",48437,12816
"8427",48439,10230900
"8430",48441,391132
"8433",48443,0
"8436",48445,29870
"8439",48447,648
"8442",48449,196575
"8445",48451,103563
"8448",48453,11868115
"8451",48455,23526
"8454",48457,39627
"8457",48459,89798
"8460",48461,24772
"8463",48463,46886
"8466",48465,48517
"8469",48467,63319
"8472",48469,249116
"8475",48471,264004
"8478",48473,473870
"8481",48475,62739
"8484",48477,136854
"8487",48479,170422
"8490",48481,86312
"8493",48483,20377
"8496",48485,430592
"8499",48487,45005
"8502",48489,36416
"8505",48491,2309284
"8508",48493,35806
"8511",48495,33223
"8514",48497,350939
"8517",48499,82200
"8520",48501,71516
"8523",48503,29429
"8526",48505,86912
"8529",48507,56834
"8535",49001,12362
"8538",49003,159893
"8541",49005,202004
"8544",49007,70668
"8547",49009,11517
"8550",49011,1901912
"8553",49013,85786
"8556",49015,55466
"8559",49017,3442
"8562",49019,17344
"8565",49021,41757
"8568",49023,36850
"8571",49025,14068
"8574",49027,14307
"8577",49029,26584
"8580",49031,1051
"8583",49033,1656
"8586",49035,7505414
"8589",49037,31169
"8592",49039,23059
"8595",49041,30034
"8598",49043,263091
"8601",49045,227282
"8604",49047,145412
"8607",49049,915570
"8610",49051,51807
"8613",49053,95998
"8616",49055,3528
"8619",49057,1027682
"8625",51001,108020
"8628",51007,29691
"8631",51009,171638
"8634",51011,28788
"8637",51013,13602699
"8640",51017,21023
"8643",51021,34194
"8646",51023,181701
"8649",51025,48087
"8652",51027,197720
"8655",51029,57005
"8658",51033,99619
"8661",51036,45100
"8664",51037,29176
"8667",51041,2289389
"8670",51043,160894
"8673",51045,4954
"8676",51047,236425
"8679",51049,15756
"8682",51051,60772
"8685",51057,56725
"8688",51061,463739
"8691",51063,22208
"8694",51065,52428
"8697",51067,77244
"8700",51071,105757
"8703",51073,108578
"8706",51075,776002
"8709",51077,45761
"8712",51079,42285
"8715",51083,76628
"8718",51085,1218710
"8721",51087,5735491
"8724",51091,1840
"8727",51093,224167
"8730",51097,21273
"8733",51099,551590
"8736",51101,73140
"8739",51103,65723
"8742",51105,32367
"8745",51107,3781052
"8748",51109,212001
"8751",51111,18280
"8754",51113,40814
"8757",51115,10360
"8760",51117,105808
"8763",51119,38911
"8766",51125,37085
"8769",51127,79271
"8772",51131,53721
"8775",51133,24027
"8778",51135,92712
"8781",51137,120659
"8784",51139,21897
"8787",51141,34948
"8790",51145,164923
"8793",51147,141080
"8796",51155,215162
"8799",51157,51261
"8802",51159,71317
"8805",51167,81717
"8808",51169,82848
"8811",51171,119001
"8814",51173,118696
"8817",51179,1487738
"8820",51181,152754
"8823",51183,85891
"8826",51185,187139
"8829",51187,195527
"8832",51193,31362
"8835",51197,114816
"8838",51510,6164205
"8841",51550,2369189
"8844",51650,2212606
"8847",51700,4002299
"8850",51710,8595166
"8853",51740,2335276
"8856",51760,7310123
"8859",51770,2118821
"8862",51800,641908
"8865",51810,2582178
"8868",51901,2910913
"8871",51903,249068
"8874",51907,1026069
"8877",51909,259261
"8880",51911,1890483
"8883",51913,110606
"8886",51918,1017735
"8889",51919,32176478
"8892",51921,1493250
"8895",51923,216785
"8898",51929,436276
"8901",51931,744141
"8904",51933,831645
"8907",51939,645122
"8910",51941,1419301
"8913",51942,4105538
"8916",51944,2125402
"8919",51945,287334
"8922",51947,1397142
"8925",51949,165649
"8928",51951,1306945
"8931",51953,681430
"8934",51955,377215
"8937",51958,701886
"8943",50001,140244
"8946",50003,172165
"8949",50005,79916
"8952",50007,1349818
"8955",50009,24858
"8958",50011,101766
"8961",50013,28359
"8964",50015,97737
"8967",50017,107419
"8970",50019,42260
"8973",50021,147510
"8976",50023,443201
"8979",50025,301822
"8982",50027,319735
"8988",53001,61327
"8991",53003,78256
"8994",53005,825162
"8997",53007,378886
"9000",53009,37419
"9003",53011,985143
"9006",53013,7373
"9009",53015,312869
"9012",53017,138173
"9015",53019,12541
"9018",53021,481294
"9021",53023,7405
"9024",53025,152768
"9027",53027,111931
"9030",53029,304491
"9033",53031,53169
"9036",53033,19855662
"9039",53035,924979
"9042",53037,37890
"9045",53039,53648
"9048",53041,191202
"9051",53043,28171
"9054",53045,183243
"9057",53047,47385
"9060",53049,28343
"9063",53051,21502
"9066",53053,3485346
"9069",53055,7770
"9072",53057,516697
"9075",53059,17463
"9078",53061,3709590
"9081",53063,989822
"9084",53065,40906
"9087",53067,963016
"9090",53069,5991
"9093",53071,252569
"9096",53073,226872
"9099",53075,210616
"9102",53077,172325
"9108",55001,42862
"9111",55003,117896
"9114",55005,138194
"9117",55007,20504
"9120",55009,1874594
"9123",55011,57221
"9126",55013,28174
"9129",55015,212123
"9132",55017,321907
"9135",55019,100501
"9138",55021,351769
"9141",55023,79332
"9144",55025,2441335
"9147",55027,578649
"9150",55029,38361
"9153",55031,298723
"9156",55033,194526
"9159",55035,766365
"9162",55037,6403
"9165",55039,531642
"9168",55041,23441
"9171",55043,144776
"9174",55045,168135
"9177",55047,122102
"9180",55049,173762
"9183",55051,22026
"9186",55053,90395
"9189",55055,528170
"9192",55057,116852
"9195",55059,715356
"9198",55061,131278
"9201",55063,655824
"9204",55065,32838
"9207",55067,37525
"9210",55069,104042
"9213",55071,212531
"9216",55073,453995
"9219",55075,249922
"9222",55077,44187
"9225",55078,40844
"9228",55079,11042877
"9231",55081,189244
"9234",55083,67590
"9237",55085,133919
"9240",55087,2171697
"9243",55089,868508
"9246",55091,24423
"9249",55093,186129
"9252",55095,135857
"9255",55097,244684
"9258",55099,37432
"9261",55101,1076727
"9264",55103,54204
"9267",55105,509098
"9270",55107,40056
"9273",55109,373381
"9276",55111,442031
"9279",55113,41409
"9282",55115,105094
"9285",55117,431878
"9288",55119,60878
"9291",55121,174220
"9294",55123,72527
"9297",55125,59987
"9300",55127,526569
"9303",55129,56962
"9306",55131,879707
"9309",55133,5256706
"9312",55135,210686
"9315",55137,56223
"9318",55139,1913538
"9321",55141,617550
"9324",55901,NA
"9330",54001,31954
"9333",54003,305256
"9336",54005,306376
"9339",54007,35012
"9342",54009,193630
"9345",54011,1164312
"9348",54013,16859
"9351",54015,40012
"9354",54017,36546
"9357",54019,169966
"9360",54021,24442
"9363",54023,78890
"9366",54025,93390
"9369",54027,67241
"9372",54029,240162
"9375",54031,72396
"9378",54033,587702
"9381",54035,80750
"9384",54037,260775
"9387",54039,1695944
"9390",54041,150273
"9393",54043,42540
"9396",54045,169911
"9399",54047,148912
"9402",54049,287920
"9405",54051,338756
"9408",54053,112606
"9411",54055,201473
"9414",54057,115501
"9417",54059,241247
"9420",54061,816348
"9423",54063,26185
"9426",54065,17627
"9429",54067,79437
"9432",54069,635003
"9435",54071,10760
"9438",54073,83588
"9441",54075,14692
"9444",54077,107548
"9447",54079,453057
"9450",54081,357508
"9453",54083,77358
"9456",54085,39853
"9459",54087,30287
"9462",54089,17579
"9465",54091,32842
"9468",54093,16356
"9471",54095,49052
"9474",54097,96571
"9477",54099,216392
"9480",54101,25208
"9483",54103,76945
"9486",54105,6650
"9489",54107,517269
"9492",54109,76778
"9498",56001,22746
"9501",56003,29390
"9504",56005,239496
"9507",56007,31356
"9510",56009,53272
"9513",56011,24019
"9516",56013,15501
"9519",56015,11615
"9522",56017,10838
"9525",56019,13637
"9528",56021,125571
"9531",56023,39221
"9534",56025,105448
"9537",56027,2659
"9540",56029,51087
"9543",56031,22081
"9546",56033,16967
"9549",56035,29868
"9552",56037,207812
"9555",56039,115985
"9558",56041,24314
"9561",56043,17115
"9564",56045,9689
